Name,Address,Website,Phone,registrant_email,Category,Rating,Reviews,Amenities,URL
Big Splash Web Design &amp;amp; Marketing,"1322 Space Park Dr Suite C201D, Houston, TX 77058, USA",bigsplashwebdesign.com,+1 281-816-6932,,Website Designer,4.8,21 reviews,,"https://www.google.co.in/maps/place/Big+Splash+Web+Design+%26+Marketing/@29.562385,-96.2738488,8z/data=!4m8!1m2!2m1!1sweb+design+Webster+,+TX,+United+States!3m4!1s0x86409ad12b27eb43:0x1cb85fa2cff7f60e!8m2!3d29.546404!4d-95.097744?hl=en"
Lucky Ace Web Design LLC,"League City, TX, USA",luckyacewebdesign.com,+1 281-779-3620,ginger@luckyacewebdesign.com,Website Designer,5,4 reviews,,"https://www.google.co.in/maps/place/Lucky+Ace+Web+Design+LLC/@29.562385,-96.2738488,8z/data=!4m8!1m2!2m1!1sweb+design+Webster+,+TX,+United+States!3m4!1s0x86409d2ef7d17db9:0x255635fe5d43263a!8m2!3d29.5140649!4d-95.0937389?hl=en"
Empire Creative Marketing,"1145 Butler Rd, League City, TX 77573, USA",empiread.com,+1 281-486-8882,info@empiread.com,Marketing Agency,5,4 reviews,,"https://www.google.co.in/maps/place/Empire+Creative+Marketing/@29.562385,-96.2738488,8z/data=!4m8!1m2!2m1!1sweb+design+Webster+,+TX,+United+States!3m4!1s0x86409d021d1fa251:0xb5812dfb7cd8e803!8m2!3d29.4940149!4d-95.1105598?hl=en"
Houston TechNet Computer Repair and Web Design,"602 Cole St, Webster, TX 77598, USA",,+1 713-364-2059,,Computer Repair Service,,,,"https://www.google.co.in/maps/place/Houston+TechNet+Computer+Repair+and+Web+Design/@29.562385,-96.2738488,8z/data=!4m8!1m2!2m1!1sweb+design+Webster+,+TX,+United+States!3m4!1s0x86409885b0904d99:0xd9fe76ecaee05ce1!8m2!3d29.537496!4d-95.1264999?hl=en"
Team Web USA,"Sugar Land, TX, USA",teamwebusa.com,+1 832-779-8315,webmaster@teamwebusa.com,Website Designer,,,,"https://www.google.co.in/maps/place/Team+Web+USA/@29.562385,-96.2738488,8z/data=!4m8!1m2!2m1!1sweb+design+Webster+,+TX,+United+States!3m4!1s0x8640e3cddcfb5827:0x696c04db6c0b9166!8m2!3d29.8074137!4d-95.3685986?hl=en"
Across the Board Web &amp;amp; Graphic,"Webster, TX 77598, USA",,+1 713-775-3933,,Website Designer,,,,"https://www.google.co.in/maps/place/Across+the+Board+Web+%26+Graphic/@29.562385,-96.2738488,8z/data=!4m8!1m2!2m1!1sweb+design+Webster+,+TX,+United+States!3m4!1s0x86409cedc8f098b5:0xc35343c2b6d61c0c!8m2!3d29.5377315!4d-95.1182645?hl=en"
Liquid Apogee Designs,"17448 TX-3 #155, Webster, TX 77598, USA",liquidapogee.com,+1 281-819-7536,webmail@liquidapogee.com,Website Designer,,,,"https://www.google.co.in/maps/place/Liquid+Apogee+Designs/@29.562385,-96.2738488,8z/data=!4m8!1m2!2m1!1sweb+design+Webster+,+TX,+United+States!3m4!1s0x86409cf2cad85ee9:0x1baad74344e452b4!8m2!3d29.5414989!4d-95.1223108?hl=en"
Oasis De Esperanza,"471 S Austin St, Webster, TX 77598, USA",,+1 281-332-4126,,Website Designer,,,,"https://www.google.co.in/maps/place/Oasis+De+Esperanza/@29.562385,-96.2738488,8z/data=!4m8!1m2!2m1!1sweb+design+Webster+,+TX,+United+States!3m4!1s0x86409cebe46e3c8d:0xcff3665d1694c770!8m2!3d29.5328183!4d-95.116621?hl=en"
Positive Space,"Webster, TX, USA",positivespaceweb.com,+1 832-803-7494,,Marketing Agency,,,,"https://www.google.co.in/maps/place/Positive+Space/@29.562385,-96.2738488,8z/data=!4m8!1m2!2m1!1sweb+design+Webster+,+TX,+United+States!3m4!1s0x86409b8f205ed2d9:0x6691322e00c94e84!8m2!3d29.564728!4d-95.1495859?hl=en"
cell phone repair,"gemini ave, Webster, TX 77598, USA",facebook.com,+1 936-346-8923,,Mobile Phone Repair Shop,5,1 review,,"https://www.google.co.in/maps/place/cell+phone+repair/@29.562385,-96.2738488,8z/data=!4m8!1m2!2m1!1sweb+design+Webster+,+TX,+United+States!3m4!1s0x86409c5890823cfd:0x92e847c45f0772d9!8m2!3d29.574472!4d-95.150793?hl=en"
"Freelance Web Designer and Developer, USA","15031 Sugar Sweet Dr, Sugar Land, TX 77498, USA",rjtexas.com,+1 713-417-7472,rjsugarland@gmail.com,Website Designer,,,,"https://www.google.co.in/maps/place/Freelance+Web+Designer+and+Developer,+USA/@29.562385,-96.2738488,8z/data=!4m8!1m2!2m1!1sweb+design+Webster+,+TX,+United+States!3m4!1s0x8640e0ac1b4b323d:0xf461c566d19cd414!8m2!3d29.6622416!4d-95.6506556?hl=en"
Softway,"Arena Tower Two, 7324 Southwest Fwy #1600, Houston, TX 77074, USA",softway.com,+1 281-914-4381,,Marketing Agency,3.6,7 reviews,,"https://www.google.co.in/maps/place/Softway/@29.562385,-96.2738488,8z/data=!4m8!1m2!2m1!1sweb+design+Webster+,+TX,+United+States!3m4!1s0x8640c25f21df3cd5:0x5f9d58438a68ae63!8m2!3d29.7018059!4d-95.5181394?hl=en"
Bouncing Pixel,"2802 Albany St, Houston, TX 77006, USA",bouncingpixel.com,+1 281-822-8900,,Website Designer,3,2 reviews,,"https://www.google.co.in/maps/place/Bouncing+Pixel/@29.562385,-96.2738488,8z/data=!4m8!1m2!2m1!1sweb+design+Webster+,+TX,+United+States!3m4!1s0x8640c3b39a5a996b:0xb3e5652363c1bcea!8m2!3d29.7487445!4d-95.3832011?hl=en"
WebWorks USA,"Houston, TX 77094, USA",webworks-usa.com,+1 713-478-8740,,Website Designer,,,,"https://www.google.co.in/maps/place/WebWorks+USA/@29.562385,-96.2738488,8z/data=!4m8!1m2!2m1!1sweb+design+Webster+,+TX,+United+States!3m4!1s0x8640dbe0bb9c43d7:0x7217ce6699ca42dc!8m2!3d29.783663!4d-95.641468?hl=en"
BlackLime Hosting,"17077 N Texas Ave, Webster, TX 77598, USA",blacklimehosting.com,+1 877-331-7004,sales@blacklimehosting.com,Website Designer,,,,"https://www.google.co.in/maps/place/BlackLime+Hosting/@29.562385,-96.2738488,8z/data=!4m8!1m2!2m1!1sweb+design+Webster+,+TX,+United+States!3m4!1s0x8640b61d7d221df9:0xba120d976d595e64!8m2!3d29.5416906!4d-95.1312549?hl=en"
PetroPages,"102A Magellan Cir, Webster, TX 77598, USA",petropages.com,+1 281-316-0353,"abecerra@petropages.com,info@petropages.com",Internet Marketing Service,,,,"https://www.google.co.in/maps/place/PetroPages/@29.562385,-96.2738488,8z/data=!4m8!1m2!2m1!1sweb+design+Webster+,+TX,+United+States!3m4!1s0x86409cfdd6839491:0x69eca4a201e0d877!8m2!3d29.5270383!4d-95.1196221?hl=en"
Globalspex Internet Marketing,"19901 Southwest Fwy, Sugar Land, TX 77479, USA",globalspex.com,+1 281-201-4527,,Website Designer,5,9 reviews,,"https://www.google.co.in/maps/place/Globalspex+Internet+Marketing/@29.562385,-96.2738488,8z/data=!4m8!1m2!2m1!1sweb+design+Webster+,+TX,+United+States!3m4!1s0x8640e2489823d8a9:0xdabe7ef170fc4663!8m2!3d29.56213!4d-95.684378?hl=en"
Web Designer Houston,"11152 Westheimer Rd #833, Houston, TX 77042, USA",webdesignerhouston.us,+1 281-829-6020,"info@webdesignerhouston.us,support@webdesignerhouston.us,sales@webdesignerhouston.us",Internet Marketing Service,5,1 review,,"https://www.google.co.in/maps/place/Web+Designer+Houston/@29.562385,-96.2738488,8z/data=!4m8!1m2!2m1!1sweb+design+Webster+,+TX,+United+States!3m4!1s0x8640dcc6221a4e57:0xb14d53e76fe4a3c7!8m2!3d29.7372203!4d-95.572599?hl=en"
"Sneaker Interactive (Prev Sneaker Web Design, LLC)","1322 Space Park Dr c260, Houston, TX 77058, USA",sneakerint.com,+1 713-502-3700,info@sneakerint.com,Website Designer,,,,"https://www.google.co.in/maps/place/Sneaker+Interactive+(Prev+Sneaker+Web+Design,+LLC)/@29.562385,-96.2738488,8z/data=!4m8!1m2!2m1!1sweb+design+Webster+,+TX,+United+States!3m4!1s0x86409c4f73b40f85:0xac33b18cb80f001a!8m2!3d29.5466634!4d-95.0973676?hl=en"
Design-Unleashed,"2600 South Shore Blvd Suite 300, League City, TX 77573, USA",design-unleashed.com,+1 832-657-1211,,Graphic Designer,,,,"https://www.google.co.in/maps/place/Design-Unleashed/@29.562385,-96.2738488,8z/data=!4m8!1m2!2m1!1sweb+design+Webster+,+TX,+United+States!3m4!1s0x86409d7cbf388dc1:0xf04852577c5bb02!8m2!3d29.5433406!4d-95.0637258?hl=en"
Falcontail Web Design,"3520 Orange Ave, Texas City, TX 77590, USA",falcontail.com,+1 409-939-0897,info@falcontail.com,Website Designer,5,1 review,,"https://www.google.co.in/maps/place/Falcontail+Web+Design/@29.696431,-95.8393127,9z/data=!4m8!1m2!2m1!1sweb+design+Webster+,+TX,+United+States!3m4!1s0x863f796c0a2d0e2b:0xde28175b28fabd70!8m2!3d29.4002637!4d-94.9507185?hl=en"
Falcontail Web Design,"3520 Orange Ave, Texas City, TX 77590, USA",falcontail.com,+1 409-939-0897,info@falcontail.com,Website Designer,5,1 review,,"https://www.google.co.in/maps/place/Falcontail+Web+Design/@29.696431,-95.8393127,9z/data=!4m8!1m2!2m1!1sweb+design+Webster+,+TX,+United+States!3m4!1s0x863f796c0a2d0e2b:0xde28175b28fabd70!8m2!3d29.4002637!4d-94.9507185?hl=en"
Falcontail Web Design,"3520 Orange Ave, Texas City, TX 77590, USA",falcontail.com,+1 409-939-0897,info@falcontail.com,Website Designer,5,1 review,,"https://www.google.co.in/maps/place/Falcontail+Web+Design/@29.696431,-95.8393127,9z/data=!4m8!1m2!2m1!1sweb+design+Webster+,+TX,+United+States!3m4!1s0x863f796c0a2d0e2b:0xde28175b28fabd70!8m2!3d29.4002637!4d-94.9507185?hl=en"
Falcontail Web Design,"3520 Orange Ave, Texas City, TX 77590, USA",falcontail.com,+1 409-939-0897,info@falcontail.com,Website Designer,5,1 review,,"https://www.google.co.in/maps/place/Falcontail+Web+Design/@29.696431,-95.8393127,9z/data=!4m8!1m2!2m1!1sweb+design+Webster+,+TX,+United+States!3m4!1s0x863f796c0a2d0e2b:0xde28175b28fabd70!8m2!3d29.4002637!4d-94.9507185?hl=en"
Falcontail Web Design,"3520 Orange Ave, Texas City, TX 77590, USA",falcontail.com,+1 409-939-0897,info@falcontail.com,Website Designer,5,1 review,,"https://www.google.co.in/maps/place/Falcontail+Web+Design/@29.696431,-95.8393127,9z/data=!4m8!1m2!2m1!1sweb+design+Webster+,+TX,+United+States!3m4!1s0x863f796c0a2d0e2b:0xde28175b28fabd70!8m2!3d29.4002637!4d-94.9507185?hl=en"
Falcontail Web Design,"3520 Orange Ave, Texas City, TX 77590, USA",falcontail.com,+1 409-939-0897,info@falcontail.com,Website Designer,5,1 review,,"https://www.google.co.in/maps/place/Falcontail+Web+Design/@29.696431,-95.8393127,9z/data=!4m8!1m2!2m1!1sweb+design+Webster+,+TX,+United+States!3m4!1s0x863f796c0a2d0e2b:0xde28175b28fabd70!8m2!3d29.4002637!4d-94.9507185?hl=en"
Falcontail Web Design,"3520 Orange Ave, Texas City, TX 77590, USA",falcontail.com,+1 409-939-0897,info@falcontail.com,Website Designer,5,1 review,,"https://www.google.co.in/maps/place/Falcontail+Web+Design/@29.696431,-95.8393127,9z/data=!4m8!1m2!2m1!1sweb+design+Webster+,+TX,+United+States!3m4!1s0x863f796c0a2d0e2b:0xde28175b28fabd70!8m2!3d29.4002637!4d-94.9507185?hl=en"
Falcontail Web Design,"3520 Orange Ave, Texas City, TX 77590, USA",falcontail.com,+1 409-939-0897,info@falcontail.com,Website Designer,5,1 review,,"https://www.google.co.in/maps/place/Falcontail+Web+Design/@29.696431,-95.8393127,9z/data=!4m8!1m2!2m1!1sweb+design+Webster+,+TX,+United+States!3m4!1s0x863f796c0a2d0e2b:0xde28175b28fabd70!8m2!3d29.4002637!4d-94.9507185?hl=en"
Falcontail Web Design,"3520 Orange Ave, Texas City, TX 77590, USA",falcontail.com,+1 409-939-0897,info@falcontail.com,Website Designer,5,1 review,,"https://www.google.co.in/maps/place/Falcontail+Web+Design/@29.696431,-95.8393127,9z/data=!4m8!1m2!2m1!1sweb+design+Webster+,+TX,+United+States!3m4!1s0x863f796c0a2d0e2b:0xde28175b28fabd70!8m2!3d29.4002637!4d-94.9507185?hl=en"
Falcontail Web Design,"3520 Orange Ave, Texas City, TX 77590, USA",falcontail.com,+1 409-939-0897,info@falcontail.com,Website Designer,5,1 review,,"https://www.google.co.in/maps/place/Falcontail+Web+Design/@29.696431,-95.8393127,9z/data=!4m8!1m2!2m1!1sweb+design+Webster+,+TX,+United+States!3m4!1s0x863f796c0a2d0e2b:0xde28175b28fabd70!8m2!3d29.4002637!4d-94.9507185?hl=en"
Falcontail Web Design,"3520 Orange Ave, Texas City, TX 77590, USA",falcontail.com,+1 409-939-0897,info@falcontail.com,Website Designer,5,1 review,,"https://www.google.co.in/maps/place/Falcontail+Web+Design/@29.696431,-95.8393127,9z/data=!4m8!1m2!2m1!1sweb+design+Webster+,+TX,+United+States!3m4!1s0x863f796c0a2d0e2b:0xde28175b28fabd70!8m2!3d29.4002637!4d-94.9507185?hl=en"
Falcontail Web Design,"3520 Orange Ave, Texas City, TX 77590, USA",falcontail.com,+1 409-939-0897,info@falcontail.com,Website Designer,5,1 review,,"https://www.google.co.in/maps/place/Falcontail+Web+Design/@29.696431,-95.8393127,9z/data=!4m8!1m2!2m1!1sweb+design+Webster+,+TX,+United+States!3m4!1s0x863f796c0a2d0e2b:0xde28175b28fabd70!8m2!3d29.4002637!4d-94.9507185?hl=en"
Falcontail Web Design,"3520 Orange Ave, Texas City, TX 77590, USA",falcontail.com,+1 409-939-0897,info@falcontail.com,Website Designer,5,1 review,,"https://www.google.co.in/maps/place/Falcontail+Web+Design/@29.696431,-95.8393127,9z/data=!4m8!1m2!2m1!1sweb+design+Webster+,+TX,+United+States!3m4!1s0x863f796c0a2d0e2b:0xde28175b28fabd70!8m2!3d29.4002637!4d-94.9507185?hl=en"
Falcontail Web Design,"3520 Orange Ave, Texas City, TX 77590, USA",falcontail.com,+1 409-939-0897,info@falcontail.com,Website Designer,5,1 review,,"https://www.google.co.in/maps/place/Falcontail+Web+Design/@29.696431,-95.8393127,9z/data=!4m8!1m2!2m1!1sweb+design+Webster+,+TX,+United+States!3m4!1s0x863f796c0a2d0e2b:0xde28175b28fabd70!8m2!3d29.4002637!4d-94.9507185?hl=en"
Falcontail Web Design,"3520 Orange Ave, Texas City, TX 77590, USA",falcontail.com,+1 409-939-0897,info@falcontail.com,Website Designer,5,1 review,,"https://www.google.co.in/maps/place/Falcontail+Web+Design/@29.696431,-95.8393127,9z/data=!4m8!1m2!2m1!1sweb+design+Webster+,+TX,+United+States!3m4!1s0x863f796c0a2d0e2b:0xde28175b28fabd70!8m2!3d29.4002637!4d-94.9507185?hl=en"
Falcontail Web Design,"3520 Orange Ave, Texas City, TX 77590, USA",falcontail.com,+1 409-939-0897,info@falcontail.com,Website Designer,5,1 review,,"https://www.google.co.in/maps/place/Falcontail+Web+Design/@29.696431,-95.8393127,9z/data=!4m8!1m2!2m1!1sweb+design+Webster+,+TX,+United+States!3m4!1s0x863f796c0a2d0e2b:0xde28175b28fabd70!8m2!3d29.4002637!4d-94.9507185?hl=en"
Falcontail Web Design,"3520 Orange Ave, Texas City, TX 77590, USA",falcontail.com,+1 409-939-0897,info@falcontail.com,Website Designer,5,1 review,,"https://www.google.co.in/maps/place/Falcontail+Web+Design/@29.696431,-95.8393127,9z/data=!4m8!1m2!2m1!1sweb+design+Webster+,+TX,+United+States!3m4!1s0x863f796c0a2d0e2b:0xde28175b28fabd70!8m2!3d29.4002637!4d-94.9507185?hl=en"
Falcontail Web Design,"3520 Orange Ave, Texas City, TX 77590, USA",falcontail.com,+1 409-939-0897,info@falcontail.com,Website Designer,5,1 review,,"https://www.google.co.in/maps/place/Falcontail+Web+Design/@29.696431,-95.8393127,9z/data=!4m8!1m2!2m1!1sweb+design+Webster+,+TX,+United+States!3m4!1s0x863f796c0a2d0e2b:0xde28175b28fabd70!8m2!3d29.4002637!4d-94.9507185?hl=en"
Falcontail Web Design,"3520 Orange Ave, Texas City, TX 77590, USA",falcontail.com,+1 409-939-0897,info@falcontail.com,Website Designer,5,1 review,,"https://www.google.co.in/maps/place/Falcontail+Web+Design/@29.696431,-95.8393127,9z/data=!4m8!1m2!2m1!1sweb+design+Webster+,+TX,+United+States!3m4!1s0x863f796c0a2d0e2b:0xde28175b28fabd70!8m2!3d29.4002637!4d-94.9507185?hl=en"
Falcontail Web Design,"3520 Orange Ave, Texas City, TX 77590, USA",falcontail.com,+1 409-939-0897,info@falcontail.com,Website Designer,5,1 review,,"https://www.google.co.in/maps/place/Falcontail+Web+Design/@29.696431,-95.8393127,9z/data=!4m8!1m2!2m1!1sweb+design+Webster+,+TX,+United+States!3m4!1s0x863f796c0a2d0e2b:0xde28175b28fabd70!8m2!3d29.4002637!4d-94.9507185?hl=en"
