mitch800jam@hotmail.com,invalid
tea@kuggaa.com,valid
admin@sevenquest.com,invalid
lweber@weberconsult.com,unknown
TeamGlobalWealth@aol.com,invalid
Eugemac@aol.com,valid
mbsat1@aol.com,valid
manuel.s.martinez@verizon.net,unknown
devlpr@netscape.net,valid
klipership@verizon.net,valid
fernandaparrasu@mail.com,invalid
sesindprod@aol.com,valid
r-co.us-owner-201312-5fe745@whois.tigertech.net,unknown
rawzi360@gmail.com,invalid
bgkelsen@kelsenlaw.com,unknown
payeddie@aol.com,valid
docmaine@aol.com,invalid
writtenimages@aol.com,valid
anolavirus@gmail.com,invalid
genebrake@aol.com,valid
greg@greghowlett.com,unknown
john@gmail.com,invalid
deanraff@arsnova.org,valid
dalyn@reynoldsmgmt.com,invalid
a-suncapitalllc@gmail.com,invalid
marcbracken@mindspring.com,valid
afmplumb@aol.com,valid
webreg@azizi.com,unknown
doug@atlantawebsites.com,unknown
Lisa@tanalianaviation.com,invalid
mdhejduk@earthlink.net,valid
jing_Amanda@hotmail.com,invalid
jennifer@drandmed.com,valid
vegasroadshow@aol.com,valid
admin@superior-marketing.com,invalid
computerman@live.com,invalid
jwgjwg10@hotmail.com,invalid
jw@usa.net,valid
jamesacampbell1@gmail.com,invalid
int54@theprv.com,valid
support@msftechnologies.com,valid
creator@wwwcreator.com,invalid
ajgs@ixodo.com,catchall
jwwalker1@earthlink.net,valid
radan.dolph@bakerhughes.com,invalid
Zorg44jrs@aol.com,valid
erussellbr@empacc.net,invalid
Pwdasher@aol.com,valid
lindaguthertz@earthlink.net,unknown
domains-whois@webs.com,valid
mmmp1@aol.com,valid
915z6g4f6535@filteredemailaddress.com,invalid
mgolding@aspirevelotech.com,invalid
ssoup@swbell.net,invalid
garyfive@aol.com,valid
mwd4abw@gmail.com,invalid
support@portusa.com,valid
majed.awni@hotmail.com,invalid
domains@imageprowebsites.com,invalid
balae@gmail.com,invalid
im410sc@aol.com,valid
albertmoran@hush.com,disposable
seand@inteveo.com,valid
okyonusfok@hotmail.com,invalid
sjdavies@justcruising.com,valid
David.K.Hamilton@Verizon.net,invalid
Vision1111@aol.com,valid
shrainone@aol.com,valid
josh12083@gmail.com,invalid
hoovergaines@verizon.net,valid
derrill2u@earthlink.net,unknown
privacy@dynadot.com,catchall
bill@vetsecoworld.com,valid
dahne770@aol.com,valid
BrentNunez@aol.com,unknown
648rent.mobi@WhoisProtector.com,invalid
domains@dailyrazor.com,catchall
steven@tibc.us,valid
CINELLI.MOBI@domainsbyproxy.com,catchall
domain.admin@craughwell.net,valid
info@truelogic.info,unknown
yglhgnqqt@whoisprivacyprotect.com,invalid
aliyahmartinez@netscape.net,valid
THEWEDDINGANDDIVORCEPLANNER.MOBI@domainsbyproxy.co...,invalid
njgknkqdqg@whoisprivacyprotect.com,invalid
whois@privacyguardian.org,unknown
infinity12.mobi@protecteddomainservices.com,invalid
asherry@infosaic.com,unknown
expired@dynadot.com,catchall
audrey@agentaudrey.com,unknown
proxy4545680@1and1-private-registration.com,invalid
info@sonoranartsleague.org,valid
rich1219@aol.com,valid
contact@borschtcorp.com,valid
herstatements@earthlink.net,invalid
MetroShowcase@aol.com,valid
marketing-team@2by2host.com,unknown
sailingsun1@aol.com,valid
mark@amplify360.org,valid
sharif@nuphorm.com,invalid
