registrant_email,,,,,
a.moukalati@gmail.com,,,,,
louise.davies@tesradio.com,a.thomas@tes-uk.co.uk,info@tes-uk.co.uk,,,
info@acwebdesign.com.au,,,,,
info@internet.am,accounting@internet.am,hosting@internet.am,,,
emea-enquiry@workfront.com,,,,,
aberdeen@velocitydesign.co.uk,engage@velocitydesign.co.uk,,,,
biz@zatun.com,,,,,
abhin_sh@yahoo.com,,,,,
aapps@aapps.com.au,,,,,
aaron@apexwebdesign.com.au,info@webapex.com.au,,,,
aaron@easyazsigns.com.au,sales@easyaz.com.au,,,,
info@mebsites.com.au,support@mebsites.com.au,,,,
aaron@square1.com.au,,,,,
aaron@thesydneywebdesigner.com,,,,,
info@websitesplus.com.au,,,,,
support@abc-it.net.au,,,,,
engage@velocitydesign.co.uk,aberdeen@velocitydesign.co.uk,,,,
abobulk@outlook.com,,,,,
absence@sirhenryfloyd.co.uk,,,,,
info@actwin.com,,,,,
ask@bozboz.co.uk,,,,,
info@getyourmobi.co.uk,,,,,
abuse@freeola.com,,,,,
abuse@melbourneit.com,,,,,
acappellawebdesign@gmail.com,,,,,
projects@technicweb.com,sales@technicweb.com,,,,
sales@webii.net,accounting@webii.net,support@sitereserve.com,,,
accounts@1stonlinesolutions.com,jobs@1stonlinesolutions.com,,,,
accounts@applieditsystems.com.au,sales@applieditsystems.com.au,support@applieditsystems.com.au,,,
accounts@austdomains.com.au,,,,,
sales@broadwayinfotech.com.au,,,,,
sales@broadleysigns.com.au,accounts@broadleysigns.com.au,,,,
info@bongomedia.com.au,,,,,
info@conceptfactory.com.au,admin@conceptfactory.com.au,,,,
info@csone.co.uk,,,,,
info@domaincity.com.au,sales@domaincity.com.au,accounts@domaincity.com.au,,,
studio@foundrydigital.co.uk,accounts@foundrydigital.co.uk,,,,
accounts@fusefarm.com.au,enquiries@fusefarm.com.au,,,,
hello@fusion-design.me.uk,accounts@fusion-design.me.uk,,,,
info@gici.com.au,,,,,
info@gnaemarketing.com.au,,,,,
hello@id30.com,,,,,
info@intergy.com.au,,,,,
accounts@intesols.com.au,,,,,
info@justtotaltech.co.uk,ah@justtotaltech.co.uk,,,,
info@lavaweb.com.au,,,,,
sales@megatech.com.au,accounts@megatech.com.au,,,,
accounts@nas.com.au,,,,,
enquiry@netwizardseo.com.au,,,,,
accounts@ntsols.com,,,,,
sales@outbox4.com,accounts@outbox4.com,,,,
sales@pickaweb.co.uk,800,802,1588,info@pickaweb.co.uk,
accounts@rousehillit.com.au,,,,,
hello@somarketing.com,support@somarketing.com,,,,
info@webalive.com.au,,,,,
info@webassets.com.au,sales@webassets.com.au,,,,
contact@kushservices.com.au,,,,,
INFO@WISDOM.COM.AU,,,,,
Accounts@zectron.com.au,Support@zectron.com.au,Admin@zectron.com.au,,,
achal@lexwebdesigners.com,,,,,
qld@edgeonline.com.au,,"
",qld@edgeonline.com.au,,
Act1@affordabletechs.ca,,,,,
action@massive.co.uk,,,,,
info@activewebdesign.ie,,,,,
info@adamgrannellwebdesign.co.uk,,,,,
isaac@austinwebanddesign.com,shireen@austinwebanddesign.com,mary@austinwebanddesign.com,bwashburn@austinwebanddesign.com,leroy@austinwebanddesign.com,rick@austinwebanddesign.com
adam@aylesburywebdesign.co.uk,,,,,
adam@digitaledge.com.au,,,,,
sales@digitalmarketingprofessionals.com.au,,,,,
"matthew@rodamarketing.com
",adam@rodamarketing.com,,,,
address@domain.com,,,,,
carrie@tpisolutionsink.com,,,,,
sales@1232web.com.au,,,,,
damien@123internet.com.au,,,,,
admin@adoraweb.com.au,,,,,
admin@adocentral.com.au,,,,,
enquiries@albaseoservices.co.uk,,,,,
admin@umbrellait.com.au,,,,,
admin@berrytech.co.uk,,,,,
enquires@trinitydesign.co.uk,,,,,
admin@blewsocial.com,,,,,
admin@bmcsolutions.com.au,,,,,
admin@brokerwebservices.com.au,,,,,
admin@central12.com,,,,,
cmbdesignstudio@gmail.com,,,,,
admin@cmwwebsitedesigns.com.au,,,,,
admin@coastalwebsitedesigns.com.au,,,,,
admin@codedigital.com.au,,,,,
admin@codewithpower.com,,,,,
hello@codswallop.com.au,,,,,
admin@conquerdigital.com.au,,,,,
admin@cqwebdesign.com,,,,,
sales@denovodigital.com.au,,,,,
admin@designingtrade.com.au,,,,,
design@designinmind.com.au,,,,,
admin@designspin.co.uk,,,,,
admin@designtypes.co.uk,,,,,
admin@digitalplusdesign.com.au,,,,,
admin@dorsetdigitalsolutions.co.uk,,,,,
admin@dynamicdolphindesigns.com.au,,,,,
admin@edleeman.co.uk,,,,,
info@helixwebsolutions.com,,,,,
admin@frameworkdigital.co.uk,,,,,
admin@gameit.com.au,,,,,
info@globitweb.com,,,,,
info@yourwebsite.com,,,,,
hello@highlandcreative.com.au,,,,,
admin@host-alive.com,,,,,
admin@inext.com.au,,,,,
admin@ishdesigns.com.au,,,,,
admin@intellectid.com,,,,,
admin@jadeweb.com.au,,,,,
admin@joltdesign.com,,,,,
admin@kc15.com,,,,,
admin@kinectwebdesign.com,,,,,
admin@livingonline.com.au,,,,,
info@localwebdesignconsultant.com.au,,,,,
hey@madebyfalcon.co.uk,,,,,
admin@nbaysitsolutions.com.au,,,,,
admin@new-media-solutions.co.uk,,,,,
admin@nirmal.com.au,,,,,
info@primarysite.net,,,,,
admin@nswebdev.com.au,,,,,
sales@ntsols.com,,,,,
sales@oceanicseo.com.au,,,,,
admin@online-easy.co.uk,,,,,
admin@os.my,,,,,
admin@outofthebluemarketing.com.au,,,,,
admin@reddragoninteractive.com,,,,,
admin@rednoisemedia.co.uk,,,,,
admin@relianceit.com.au,,,,,
admin@sarumwebdesign.co.uk,,,,,
admin@seolondonservices.me.uk,,,,,
admin@seoweblogistics.com,,,,,
admin@serpcontrol.me,,,,,
admin@simplewebsitesolutions.com.au,,,,,
admin@sydneywebtechnologies.com.au,,,,,
info@smallbusinesswebdesigns.net.au,,,,,
admin@t2creativestudios.co.uk,,,,,
admin@taylorhowes.co.uk,,,,,
admin@technocrat.com.au,,,,,
admin@thecreativecollective.com.au,newcastle@thecreativecollective.com.au-sydney,,,,
admin@thefactory.com.au,,,,,
admin@totalclicksolutions.com.au,,,,,
sales@vidhiwebsolutions.com,,,,,
admin@viscositydesign.com,,,,,
info@visnetwork.com.au,admin@visnetwork.com.au,global@visnetwork.com,,,
admin@vividgraphics.com.au,,,,,
admin@w3designs.co.uk,,,,,
admin@wami.net.au,,,,,
whumartin@hotmail.com,whumartin@hotmail.com,,,,
admin@web.rafe.com.au,,,,,
admin@webandbase.co.uk,,,,,
admin@webca.com.au,,,,,
admin@webgloss.com,,,,,
admin@webmarkdesigns.com.au,,,,,
admin@wireframesolutions.com.au,,,,,
admin@ZDT.co.uk,,,,,
Accounts@zectron.com.au,"Support@zectron.com.au


","Admin@zectron.com.au

",,,
admin@zefwebdesign.co.uk,,,,,
admin@zest-website-design.com,,,,,
admininfo@yazoogle.com.au,,,,,
support@a2zonlinesolution.com.au,,,,,
adrian@Makating.com,,,,,
adrian@wwebdesign.co.uk,,,,,
Advertising@HumanWebDesigners.com,,,,,
advice@ebsdigital.com,,,,,
hello@ph-creative.com,,,,,
info@justtotaltech.co.uk,ah@justtotaltech.co.uk,,,,
aidan@auswebdesign.com.au,,,,,
aiden.gerstmeier@wedesignsyd.com,,,,,
aiden@amcd.com.au,,,,,
ail-sales@accentikainternet.co.uk,,,,,
aj@resultit.com.au,,,,,
aktualisierung@bitskin.de,service@bitskin.de,nicejob@bitskin.de,spiess@bitskin.de,,
alan.clements@clementsmarketing.com,info@clementsmarketing.com,,,,
alan@alancoleman.co.uk,,,,,
alan@pixelsurgery-webdesign.co.uk,,,,,
alan@seriouswebdesign.co.uk,,,,,
alanb@derniercri.biz,,,,,
alantimms@ivolutionconsulting.com.au,,,,,
alastair@aglwebdesign.co.uk,,,,,
alex@alferit.com,,,,,
info@energetica.com.au,,,,,
alex@genesismedia.net.au,,,,,
alex@isodongroup.com,,,,,
info@softsync.co.uk,,,,,
info@swim.com.au,,,,,
info@ahbitsolutions.com.au,support@ahbitsolutions.com.au,,,,
info@bpgmedia.co.uk,,,,,
alison@initialdesign.co.uk,,,,,
all@punkpig.com,,,,,
allan@itscreativeheaven.co.uk,,,,,
info@cybernetworks.com.au,,,,,
info@virtualcity.com.au,,,,,
melbourne@dreamconsultancy.com.au,,,,,
info@marketme.com.au,,,,,
hello@thefuelagency.com.au,,,,,
amileaders@hotmail.com,info@amil.com.au,,,,
amy@amymarshman.com.au,,,,,
amy@peakwebmarketing.com,,,,,
anastasia@anastasiadesign.com,anastasia@anastasiadesign.com,,,,
andrea@digitalsoda.co.uk,,,,,
andrea@duckfeet.co.uk,,,,,
info@7solutions.com.cy,charis@7solutions.com.cy,andreas@7solutions.com.cy,constantinos@7solutions.com.cy,,
info@i4u.com.au,,,,,
andrew.mcintyre@bdigi.co.uk,,,,,
andrew.staples@lifeappslab.co.uk,,,,,
Andrew.pink@draftfcb.com,,,,,
andrew@a2a.co.uk,,,,,
andrew@altrincham.net,,,,,
sales@ambrit.co.uk,,,,,
andrew@ascensor.co.uk,,,,,
andrew@doyledigital.com.au,,,,,
andrew@borderwebworks.co.uk,,,,,
hello@brighterside.co.uk,,,,,
mail@ewebcreations.co.uk,andrew@ewebcreations.co.uk,,,,
andrew@forthweb.co.uk,,,,,
andrew@idesignwebsites.co.uk,,,,,
andrew@prometheusinternetmarketing.com,,,,,
Andrew@stonebreakersdesign.com,,,,,
andrew@thenewagegeek.com,,,,,
andrew@tonicwebdesign.com,,,,,
info@webdesign7.com.au,,,,,
sales@webwhiz.com.au,,,,,
andy.g@routetoweb.co.uk,,,,,
andy@andy-morley.co.uk,,,,,
andy@bhdinteractive.co.uk,,,,,
andy@chalfont-web-design.co.uk,,,,,
Andy@derbyshirewebdesign.co.uk,Amendments@derbyshirewebdesign.co.uk,featured@derbyshirewebdesign.co.uk,,,
kevin@pqube.co.uk,andy@pqube.co.uk,sadie@pqube.co.uk,,,
hello@uxcreative.co,,,,,
andy@twostrong.com,,,,,
angela@whiteduckdesign.com.au,,,,,
support@coolwebing.com.au,,,,,
anita@cowbridgecreativecompany.co.uk,,,,,
sales@bestwebdesigns.biz,annederulo1984@gmail.com,,,,
annette@netsavvy.com.au,,,,,
info@footprint.co.uk,ant@footprint.co.uk,,,,
anthony@door15studio.com,,,,,
anthony@webbedfeat.com.au,,,,,
apps@createanet.co.uk,,,,,
ar@nodesagency.com,info@nodesagency.com,,,,
info@3equals1design.co.uk,maz@3equals1design.co.uk,emily@3equals1design.co.uk,arnaud@3equals1design.co.uk,fraser@3equals1design.co.uk,
art@digitalbloc.com,,,,,
artie@artiecrocker.com,,,,,
arturo.ottengo@itseeze.co.uk,,,,,
artwork@burleighprint.com.au,,,,,
stephen@flyersunlimited.com,artwork@flyersunlimited.com,,,,
ash@infocomclick.com,,,,,
ashfordwebsitedesign@outlook.com,info@ashfordweb.co.uk,,,,
ashleigh@websitesonthecoast.com,,,,,
ashley@acknowledgedwebdesign.co.uk,,,,,
ask@smgcreative.co.uk,,,,,
ask@webboutiques.co.uk,,,,,
ask@zarbi.co.uk,,,,,
enquiries@brayleino.co.uk,,,,,
sep2015@stuffandnonsense.co.uk,,,,,
ausclickwebsites@gmail.com,,,,,
121@eminentinfoweb.com,,,,,
support@magwash.com.au,,,,,
team@iddigital.com.au,,,,,
me@leonfresh.com,,,,,
info@danicadesign.com.au,,,,,
scott@sanzwebdevelopment.com.au,,,,,
sales@adpacau.com,info@adpacau.com,,,,
sales@webstop.com.au,"support@webstop.com.au

",accounts@webstop.com.au,,,
lisa@wisemonkeys.com.au,,,,,
mail@thinkingit.com.au,nigel@thinkingit.com.au,,,,
hello@berryweb.com.au,,,,,
"steven.barn81@gmail.com
",,,,,
brenden@thoughtballoon.com.au,,,,,
info@spinnmedia.com.au,,,,,
troy@2020impact.com.au,,,,,
info@webtiger.com.au,,,,,
hello@design-fox.com.au,,,,,
me@newmediaservices.com.au,id@newmediaservices.com.au,,,,
info@supawebsolutions.com.au,,,,,
info@websiteprojects.com.au,,,,,
xlnwebdesigns@gmail.com,,,,,
