Name,Address,Website,Phone,Email,Category,Rating,Reviews,Amenities,URL
SEOAmerica Inc.,"907 E Strawbridge Ave, Melbourne, FL 32901, USA",seoamerica.us,+1 321-676-8714,,Internet Marketing Service,5,2 reviews,,"https://www.google.co.in/maps/place/SEOAmerica+Inc./@28.0875384,-80.6037571,13z/data=!4m8!1m2!2m1!1sweb+design+Indialantic,+FL,+United+States!3m4!1s0x88de118dcd6299fb:0xcc94f1c8b2323ae7!8m2!3d28.079185!4d-80.605681?hl=en"
Tight Line Productions,"1902 Oak St, Melbourne, FL 32901, USA",tightlineproductions.com,+1 321-725-4668,,Advertising Agency,5,4 reviews,,"https://www.google.co.in/maps/place/Tight+Line+Productions/@28.0875384,-80.6037571,13z/data=!4m8!1m2!2m1!1sweb+design+Indialantic,+FL,+United+States!3m4!1s0x88de11f3c8179b3f:0xa875ccd5f95c3464!8m2!3d28.0791613!4d-80.6149667?hl=en"
Shelley Media Arts,"2412 Irwin St, Melbourne, FL 32901, USA",smamarketing.net,+1 321-215-4396,,Marketing Consultant,5,2 reviews,,"https://www.google.co.in/maps/place/Shelley+Media+Arts/@28.0875384,-80.6037571,13z/data=!4m8!1m2!2m1!1sweb+design+Indialantic,+FL,+United+States!3m4!1s0x88de0e7c9425d871:0x12121cdbaf9a2a54!8m2!3d28.0728095!4d-80.6005735?hl=en"
"The Paramount Group.us, inc","1110 Florida A1A #201, Satellite Beach, FL 32937, USA",theparamountgroup.us,+1 321-345-8288,,Internet Marketing Service,4.9,18 reviews,,"https://www.google.co.in/maps/place/The+Paramount+Group.us,+inc/@28.1828213,-80.6275155,13z/data=!4m8!1m2!2m1!1sweb+design+Indialantic,+FL,+United+States!3m4!1s0x88e4d0f5513be269:0xdc05e6d29e271f0c!8m2!3d28.1828213!4d-80.5924966?hl=en"
Black Tie Digital Marketing,"3692 N Wickham Rd a, Melbourne, FL 32935, USA",blacktiedigital.com,+1 800-316-8030,info@blacktiedigital.com,Marketing Agency,5,4 reviews,,"https://www.google.co.in/maps/place/Black+Tie+Digital+Marketing/@28.166375,-80.7079769,13z/data=!4m8!1m2!2m1!1sweb+design+Indialantic,+FL,+United+States!3m4!1s0x88de054347da6c17:0xfd3080d60dbb52ad!8m2!3d28.166375!4d-80.672958?hl=en"
The AD Leaf,"700 N Wickham Rd #102, Melbourne, FL 32935, USA",theadleaf.com,+1 321-255-0900,info@theadleaf.com,Marketing Agency,5,11 reviews,,"https://www.google.co.in/maps/place/The+AD+Leaf/@28.1182238,-80.7080394,13z/data=!4m8!1m2!2m1!1sweb+design+Indialantic,+FL,+United+States!3m4!1s0x88de0e545ddcedbb:0x14f1a99bc24f39fb!8m2!3d28.1182238!4d-80.6730205?hl=en"
Enlightenment Media Inc.,"3830 S Hwy A1A #4, Melbourne Beach, FL 32951, USA",enlightenmentmedia.com,+1 321-609-5588,info@enlightenmentmedia.com,Advertising Agency,5,1 review,,"https://www.google.co.in/maps/place/Enlightenment+Media+Inc./@28.0154752,-80.5694896,13z/data=!4m8!1m2!2m1!1sweb+design+Indialantic,+FL,+United+States!3m4!1s0x88de115870537a29:0x205c74e86861f307!8m2!3d28.0154752!4d-80.5344707?hl=en"
SCB Marketing,"5131 Industry Dr #107, Melbourne, FL 32940, USA",scbmarketing.com,+1 321-622-5986,info@scbmarketing.com,Marketing Agency,,,,"https://www.google.co.in/maps/place/SCB+Marketing/@28.1953197,-80.7337611,12z/data=!4m8!1m2!2m1!1sweb+design+Indialantic,+FL,+United+States!3m4!1s0x88de04f89a9853c7:0x34d3b40d85da4ccc!8m2!3d28.1953197!4d-80.6637233?hl=en"
Vinci Digital Marketing,"69 Carlton Dr, Monterey, CA 93940, USA",vincidigital.com,+1 877-693-4695,"support@vincidigital.com,info@vincidigital.com",Marketing Agency,5,11 reviews,,"https://www.google.co.in/maps/place/Vinci+Digital+Marketing/@36.5961387,-126.3129012,6z/data=!4m8!1m2!2m1!1sweb+design+Milton+,+FL,+United+States!3m4!1s0x8891699e37f59c03:0xdbae684b756298ac!8m2!3d36.5961387!4d-121.8304793?hl=en"
"CleverOgre, Inc.","7 E De Soto St, Pensacola, FL 32501, USA",cleverogre.com,+1 850-912-4203,team@cleverogre.com,Advertising Agency,4.2,5 reviews,,"https://www.google.co.in/maps/place/CleverOgre,+Inc./@30.1643073,-88.9557244,6z/data=!4m8!1m2!2m1!1sweb+design+Milton+,+FL,+United+States!3m4!1s0x8890bf566dcab781:0x3c5cd120bc3640ce!8m2!3d30.4231513!4d-87.2171108?hl=en"
Revive Media Services,"119 Hollywood Blvd SW #102, Fort Walton Beach, FL 32548, USA",revivemediaservices.com,+1 850-362-0001,,Marketing Agency,5,3 reviews,,"https://www.google.co.in/maps/place/Revive+Media+Services/@30.1643073,-88.9557244,6z/data=!4m8!1m2!2m1!1sweb+design+Milton+,+FL,+United+States!3m4!1s0x88913edfa3e2a321:0x57d371f37bcc58ec!8m2!3d30.413249!4d-86.622153?hl=en"
Creative Web Solutions LLC,"Fort Walton Beach, FL, USA",getcws.com,+1 850-302-0659,lisa@getcws.com,Internet Marketing Service,5,1 review,,"https://www.google.co.in/maps/place/Creative+Web+Solutions+LLC/@30.1643073,-88.9557244,6z/data=!4m8!1m2!2m1!1sweb+design+Milton+,+FL,+United+States!3m4!1s0x88913f140e89901b:0xeed85e383a2de37b!8m2!3d30.4200639!4d-86.6047799?hl=en"
Firestorm Creative Studios,"108 Auburn Rd, Fort Walton Beach, FL 32547, USA",firestormcs.com,+1 850-362-6001,,Marketing Agency,5,1 review,,"https://www.google.co.in/maps/place/Firestorm+Creative+Studios/@30.1643073,-88.9557244,6z/data=!4m8!1m2!2m1!1sweb+design+Milton+,+FL,+United+States!3m4!1s0x88913fad00d96b69:0xefb81f86f7ac7986!8m2!3d30.447144!4d-86.618416?hl=en"
Digital Age Internet Marketing Group,"1010 N 12th Ave, Pensacola, FL 32501, USA",digitalagemarketinggroup.com,+1 850-254-8242,"pcharles@damg.com,joes@damg.com",Internet Marketing Service,,,,"https://www.google.co.in/maps/place/Digital+Age+Internet+Marketing+Group/@30.1643073,-88.9557244,6z/data=!4m8!1m2!2m1!1sweb+design+Milton+,+FL,+United+States!3m4!1s0x8890c0bf81648ccb:0x7359c91263b736cd!8m2!3d30.426314!4d-87.202387?hl=en"
Duncan Mc Call Advertising,"4400 Bayou Blvd, Pensacola, FL 32503, USA",duncanmccall.com,+1 850-476-5035,info@duncanmccall.com,Advertising Agency,,,,"https://www.google.co.in/maps/place/Duncan+Mc+Call+Advertising/@30.1643073,-88.9557244,6z/data=!4m8!1m2!2m1!1sweb+design+Milton+,+FL,+United+States!3m4!1s0x8890c069f2ad78db:0xf157d77f9a422898!8m2!3d30.4686298!4d-87.2036499?hl=en"
Footbridge Media,"3298 Summit Blvd, Pensacola, FL 32503, USA",footbridgemedia.com,+1 888-818-7215,"info@Footbridgemedia.com,Service@Footbridgemedia.com",Internet Marketing Service,5,15 reviews,,"https://www.google.co.in/maps/place/Footbridge+Media/@30.1643073,-88.9557244,6z/data=!4m8!1m2!2m1!1sweb+design+Milton+,+FL,+United+States!3m4!1s0x8890c0b422ba37c3:0xdcc20731e53dca5a!8m2!3d30.4605417!4d-87.1798022?hl=en"
Antanet,"8668 Navarre Parkway Suite 154, Navarre, FL 32566, USA",antanet.com,+1 276-591-7545,sales@antanet.com,Internet Marketing Service,,,,"https://www.google.co.in/maps/place/Antanet/@30.1643073,-88.9557244,6z/data=!4m8!1m2!2m1!1sweb+design+Milton+,+FL,+United+States!3m4!1s0x885076854a923309:0xbf8b33720b2ef9dc!8m2!3d30.402883!4d-86.8603861?hl=en"
DiscoverTec,"4887 Belfort Rd Suite 400, Jacksonville, FL 32256, USA",discovertec.com,+1 904-680-3000,,Internet Marketing Service,5,8 reviews,,"https://www.google.co.in/maps/place/DiscoverTec/@30.1643073,-88.9557244,6z/data=!4m8!1m2!2m1!1sweb+design+Milton+,+FL,+United+States!3m4!1s0x88e5ca0cff884c3f:0x6c4529c45c66f565!8m2!3d30.2490856!4d-81.5832006?hl=en"
Jump Start Marketing Inc.,"3001 Bayview Way, Pensacola, FL 32503, USA",jsmcorp.com,+1 888-623-3933,"info@jsmcorp.com,sales@jsmcorp.com,support@jsmcorp.com",Internet Marketing Service,5,1 review,,"https://www.google.co.in/maps/place/Jump+Start+Marketing+Inc./@30.1643073,-88.9557244,6z/data=!4m8!1m2!2m1!1sweb+design+Milton+,+FL,+United+States!3m4!1s0x8890c0699cd37fc9:0xc8ea840756b6d9e1!8m2!3d30.450272!4d-87.177514?hl=en"
MediaCrazed,"217 Miracle Strip Pkwy SE, Fort Walton Beach, FL 32548, USA",mediacrazed.com,+1 850-240-2969,,Marketing Agency,5,2 reviews,,"https://www.google.co.in/maps/place/MediaCrazed/@30.1643073,-88.9557244,6z/data=!4m8!1m2!2m1!1sweb+design+Milton+,+FL,+United+States!3m4!1s0x88913f39de05d97b:0xeaf9ec33446fd8f2!8m2!3d30.403918!4d-86.604407?hl=en"
The Kalifeh Media Group,"717 Executive Park Dr, Mobile, AL 36606, USA",thekalifehmediagroup.com,+1 251-375-6626,"rbartlett@thekalifehmediagroup.com,sales@thekalifemediagroup.com,sales@thekalifehmediagroup.com",Advertising Agency,4.9,24 reviews,,"https://www.google.co.in/maps/place/The+Kalifeh+Media+Group/@30.1643073,-88.9557244,6z/data=!4m8!1m2!2m1!1sweb+design+Milton+,+FL,+United+States!3m4!1s0x889a4daf800c2173:0xcded7407f331b74c!8m2!3d30.6638603!4d-88.1216637?hl=en"
Advanced Edge Inc,"7552 Navarre Pkwy #22, Navarre, FL 32566, USA",advancededge.com,+1 850-396-0073,,Internet Marketing Service,4.2,5 reviews,,"https://www.google.co.in/maps/place/Advanced+Edge+Inc/@30.1643073,-88.9557244,6z/data=!4m8!1m2!2m1!1sweb+design+Milton+,+FL,+United+States!3m4!1s0x8890deb3a5e303b1:0x73a87cbec1223822!8m2!3d30.403601!4d-86.906114?hl=en"
Rockstar Marketing,"385 Harbor Blvd #200, Destin, FL 32541, USA",rockstar-marketing.com,+1 850-542-3091,info@rockstar-marketing.com,Internet Marketing Service,,,,"https://www.google.co.in/maps/place/Rockstar+Marketing/@30.1643073,-88.9557244,6z/data=!4m8!1m2!2m1!1sweb+design+Milton+,+FL,+United+States!3m4!1s0x88914155ce861e6d:0x7d979d2fd190a0a7!8m2!3d30.3939516!4d-86.5018264?hl=en"
"Optera Creative, inc","5 N Jackson St, Mobile, AL 36602, USA",opteracreative.com,+1 251-287-0958,info@opteracreative.com,Marketing Agency,,,,"https://www.google.co.in/maps/place/Optera+Creative,+inc/@30.1643073,-88.9557244,6z/data=!4m8!1m2!2m1!1sweb+design+Milton+,+FL,+United+States!3m4!1s0x889a4fd149b5c0b3:0xda5ae7c97f31ce23!8m2!3d30.6910029!4d-88.0450006?hl=en"
Gulf Coast Media Solutions,"51 E Gregory St, Pensacola, FL 32502, USA",gulfcoastmediasolutions.com,+1 850-733-7333,sales@gulfcoastmediasolutions.com,Advertising Agency,4.2,5 reviews,,"https://www.google.co.in/maps/place/Gulf+Coast+Media+Solutions/@30.1643073,-88.9557244,6z/data=!4m8!1m2!2m1!1sweb+design+Milton+,+FL,+United+States!3m4!1s0x889095331a2385f5:0xc568b0b919cb076c!8m2!3d30.4156747!4d-87.2138062?hl=en"
Blue Fish Design Studio,"412 Dauphin Street Suite, CC, Mobile, AL 36602, USA",bluefishds.com,+1 251-287-9707,hi@bluefishds.com,Advertising Agency,5,43 reviews,,"https://www.google.co.in/maps/place/Blue+Fish+Design+Studio/@30.1643073,-88.9557244,6z/data=!4m8!1m2!2m1!1sweb+design+Milton+,+FL,+United+States!3m4!1s0x889a6820643da98b:0x99c5d03bb03f72d3!8m2!3d30.6902939!4d-88.0470183?hl=en"
Zgraph Design &amp,amp, Marketing,"125 Basin St Suite 203, Daytona Beach, FL 32114, USA",zgraph.com,+1 386-255-5556,contact@zgraph.com,Internet Marketing Service,5,8 reviews
