registrant_email,result,comments,registrant_country,first_name
vinklubben@dbmail.dk,invalid,"Response: 550 5.5.1 Protocol error
",DENMARK,Niels Christensen
info@adresponsenetwork.com,valid,ok,DENMARK,Malin Northug
peter.oe@gmail.com,valid,ok,DENMARK,Peter Olsted
lasse@lasse-soeballe.dk,valid,ok,DENMARK,Soeballe Pedersen Lasse
minikaliffen@gmail.com,valid,ok,DENMARK,Anders Urban
charlotte_ahrensberg@live.dk,valid,ok,DENMARK,Telling Ahrensberg Charlotte
nw@webaholic.dk,valid,ok,DENMARK,Nicolas Wainach
michele@guarini.dk,invalid,"Response: 450 4.7.1 <michele@guarini.dk>: Recipient address rejected: Greylisted for 5 minutes
",DENMARK,Michele Guarini
c3644123@drdrb.com,invalid,Disposable Emails,DENMARK,Mathias Nielsen
newdomains@siteground.com,valid,ok,DENMARK,Thomas Pedersen
info@guerciotti.dk,invalid,,DENMARK,Ib Hansen
peter@dilling.eu,invalid,,DENMARK,Peter Dilling
nsl@mikiaholding.dk,valid,ok,DENMARK,Nicolaj s lindtner
zandra@eteach.me,valid,ok,DENMARK,Willumsen Zandra
bo.schroeder20@gmail.com,valid,ok,DENMARK,Bo Schroeder
fhl@post11.tele.dk,valid,ok,DENMARK,Flemming Holst Larsen
belog.sepot1@gmail.com,valid,ok,DENMARK,Nansen A. Clausen
Hbjensen@privat.dk,valid,ok,DENMARK,Anne Lionett
towel4you@hotmail.com,valid,ok,DENMARK,Palle Niebuhr
bentleonnielsen@mail.tele.dk,valid,ok,DENMARK,Nielsen c/o Bent Leon
luchsonly@hotmail.com,invalid,"Response: 550 5.5.0 Requested action not taken: mailbox unavailable. [SN1NAM02FT046.eop-nam02.prod.protection.outlook.com]
",DENMARK,Avdd werewr
jd0701@hotmail.com,valid,ok,DENMARK,Jan Danielsen
mikkel@hojbjerg.net,valid,ok,DENMARK,Mikkel Hoejbjerg
kontakt@jart.dk,invalid,,DENMARK,Thorbjoern Jart
aditya.dey@gmail.com,valid,ok,DENMARK,Aditya Dey
jakob@npapps.com,valid,ok,DENMARK,Jakob Dam Jensen
aki.tonami@gmail.com,valid,ok,DENMARK,Aki Tonami
janniknp@gmail.com,valid,ok,DENMARK,Jannik Nordahl-Pedersen
mail@borgmesteren.com,valid,ok,DENMARK,Dahl Jesnen Thomas
MIKK_PETERSEN@HOTMAIL.COM,invalid,Response: ,DENMARK,MIKKEL PETERSEN
whois@munal.dk,valid,ok,DENMARK,
ml0960@yahoo.com,valid,ok,DENMARK,Emil Tchoudomirov
peddepop@gmail.com,valid,ok,DENMARK,Peter Bek
safari_jazz@yahoo.com,valid,ok,DENMARK,M.L. ved Annelise Lund
brauner@hotpop.com,invalid,Disposable Emails,DENMARK,Anders Brauner Nielsen
