registrant_country,registrant_email
Japan,mfzvocgu@yahoo.co.jp
Japan,mfzvocgu@yahoo.co.jp
China,jpzyx003@gmail.com
China,80010864@qq.com
China,xumingpenghaizai@gmail.com
China,14990232@qq.om
China,domain@bidd.com
China,dc300com@gmail.com
China,1794209988@qq.com
China,temp@juming.com
China,dc300com@gmail.com
China,dc300com@gmail.com
Singapore,lwuu676@139.com
China,yzy8898@gmail.com
China,dc300com@gmail.com
China,dc300com@gmail.com
Singapore,thoslaythesfc@hotmail.com
China,lihai1809@gmail.com
China,dc300com@gmail.com
China,dc300com@gmail.com
China,admin@juming.com
Singapore,lwuu676@139.com
China,wuiove@qq.com
China,domain@jinmail.com
China,dc300com@gmail.com
China,temp@juming.com
