Uttar Pardesh,registrant_email,Resirter_user
Kanpur,testing11@gmail.com,testing11@gmail.com
Lucknow,testing12@gmail.com,testing11@gmail.com
Lucknow,testing13@gmail.com,testing11@gmail.com
Lucknow,testing14@gmail.com,testing11@gmail.com
Lucknow,testing15@gmail.com,testing11@gmail.com
Lucknow,testing16@gmail.com,testing11@gmail.com
Lucknow,testing17@gmail.com,testing11@gmail.com
Lucknow,testing7@xyz.com,testing11@gmail.com
Lucknow,testing18@gmail.com,testing11@gmail.com
Lucknow,testing19@gmail.com,testing11@gmail.com
Lucknow,testing20@gmail.com,testing11@gmail.com
Lucknow,testing20@gmail.com,testing11@gmail.com
Lucknow,test,testing11@gmail.com
Lucknow,test@g.co,testing11@gmail.com
Lucknow,testing20@mailinator.com,testing11@gmail.com
Lucknow,testing20@mailinator.com,testing11@gmail.com
Lucknow,testing20@mailinator.com,testing11@gmail.com
Lucknow,testingall03@gmail.com,testing11@gmail.com
Lucknow,testingall03@gmail.com,testing11@gmail.com
