Support@zectron.com.au,valid,ok,,,,,,,,,,,
accounts@rousehillit.com.au,valid,catchall,,,,,,,,,,,
accounts@nas.com.au,valid,catchall,,,,,,,,,,,
accounts@fusefarm.com.au,invalid,unknown,,,,,,,,,,,
accounts@austdomains.com.au,valid,catchall,,,,,,,,,,,
accounts@applieditsystems.com.au,valid,ok,,,,,,,,,,,
accounts@1stonlinesolutions.com,valid,ok,,,,,,,,,,,
sales@applieditsystems.com.au,invalid,"Response: 550 5.4.1 [sales@applieditsystems.com.au]: Recipient address rejected: Access denied [ME1AUS01FT014.eop-AUS01.prod.protection.outlook.com]
",,,,,,,,,,,
acappellawebdesign@gmail.com,valid,ok,,,,,,,,,,,
abuse@melbourneit.com,invalid,unknown,,,,,,,,,,,
abuse@freeola.com,invalid,unknown,,,,,,,,,,,
absence@sirhenryfloyd.co.uk,valid,ok,,,,,,,,,,,
abobulk@outlook.com,valid,ok,,,,,,,,,,,
abhin_sh@yahoo.com,valid,ok,,,,,,,,,,,
aberdeen@velocitydesign.co.uk,valid,ok,,,,,,,,,,,
engage@velocitydesign.co.uk,valid,ok,,,,,,,,,,,
aaron@thesydneywebdesigner.com,valid,ok,,,,,,,,,,,
aaron@square1.com.au,valid,valid,,,,,,,,,,,
aaron@easyazsigns.com.au,invalid,,,,,,,,,,,,
sales@easyaz.com.au,valid,ok,,,,,,,,,,,
aaron@apexwebdesign.com.au,valid,ok,,,,,,,,,,,
info@webapex.com.au,valid,ok,,,,,,,,,,,
aapps@aapps.com.au,invalid,,,,,,,,,,,,
a.moukalati@gmail.com,valid,ok,,,,,,,,,,,
121@eminentinfoweb.com,invalid,unknown,,,,,,,,,,,
id@newmediaservices.com.au,valid,ok,,,,,,,,,,,
accounts@intesols.com.au,invalid,unknown,,,,,,,,,,,
info@datadial.net,valid,ok,,,,,,,,,,,
global@visnetwork.com,valid,ok,,,,,,,,,,,
admin@bmweb.com.au,invalid,unknown,,,,,,,,,,,
Accounts@zectron.com.au,valid,ok,,,,,,,,,,,
achal@lexwebdesigners.com,valid,catchall,,,,,,,,,,,
Act1@affordabletechs.ca,valid,ok,,,,,,,,,,,
action@massive.co.uk,valid,ok,,,,,,,,,,,
activewebdesign2013@gmail.com,valid,ok,,,,,,,,,,,
adam@digitaledge.com.au,valid,ok,,,,,,,,,,,
adam@kopymark.com,valid,catchall,,,,,,,,,,,
address@domain.com,invalid,unknown,,,,,,,,,,,
admin@adocentral.com.au,valid,catchall,,,,,,,,,,,
admin@adoraweb.com.au,valid,valid,,,,,,,,,,,
admin@alvicreatives.com,invalid,,,,,,,,,,,,
admin@austinbiz.com.au,valid,valid,,,,,,,,,,,
admin@berrytech.co.uk,invalid,"Response: 550 Unrouteable address
",,,,,,,,,,,
admin@blewsocial.com,invalid,unknown,,,,,,,,,,,
admin@bmcsolutions.com.au,valid,ok,,,,,,,,,,,
admin@boylen.com.au,valid,ok,,,,,,,,,,,
admin@brokerwebservices.com.au,invalid,,,,,,,,,,,,
admin@central12.com,valid,ok,,,,,,,,,,,
admin@chameleonfx.com.au,valid,catchall,,,,,,,,,,,
admin@cmwwebsitedesigns.com.au,invalid,,,,,,,,,,,,
admin@coastalwebsitedesigns.com.au,valid,catchall,,,,,,,,,,,
admin@codedigital.com.au,valid,ok,,,,,,,,,,,
admin@codewithpower.com,invalid,unknown,,,,,,,,,,,
admin@colinmolloy.com.au,valid,ok,,,,,,,,,,,
admin@conquerdigital.com.au,invalid,,,,,,,,,,,,
admin@cqwebdesign.com,invalid,,,,,,,,,,,,
admin@designingtrade.com.au,valid,ok,,,,,,,,,,,
admin@designspin.co.uk,invalid,,,,,,,,,,,,
admin@designtypes.co.uk,valid,ok,,,,,,,,,,,
admin@dynamicdolphindesigns.com.au,valid,valid,,,,,,,,,,,
admin@edleeman.co.uk,valid,ok,,,,,,,,,,,
admin@frameworkdigital.co.uk,valid,ok,,,,,,,,,,,
admin@host-alive.com,invalid,,,,,,,,,,,,
admin@inext.com.au,valid,ok,,,,,,,,,,,
admin@intellectid.com,invalid,"Response: 550 No Such User Here""
",,,,,,,,,,,
admin@ishdesigns.com.au,valid,ok,,,,,,,,,,,
admin@jadeweb.com.au,valid,valid,,,,,,,,,,,
admin@joltdesign.com,valid,valid,,,,,,,,,,,
admin@kc15.com,valid,valid,,,,,,,,,,,
admin@kinectwebdesign.com,valid,catchall,,,,,,,,,,,
admin@livingonline.com.au,valid,ok,,,,,,,,,,,
admin@livingwebdesign.com.au,valid,ok,,,,,,,,,,,
admin@nbaysitsolutions.com.au,valid,catchall,,,,,,,,,,,
admin@new-media-solutions.co.uk,invalid,,,,,,,,,,,,
admin@nirmal.com.au,valid,catchall,,,,,,,,,,,
admin@online-easy.co.uk,invalid,,,,,,,,,,,,
admin@os.my,valid,catchall,,,,,,,,,,,
admin@reddragoninteractive.com,invalid,"Response: 550 5.1.1 <admin@reddragoninteractive.com> Recipient not found.  <http://x.co/irbounce>
",,,,,,,,,,,
admin@rednoisemedia.co.uk,valid,catchall,,,,,,,,,,,
admin@relianceit.com.au,valid,ok,,,,,,,,,,,
admin@sarumwebdesign.co.uk,valid,ok,,,,,,,,,,,
admin@seolondonservices.me.uk,invalid,,,,,,,,,,,,
admin@seoweblogistics.com,valid,valid,,,,,,,,,,,
admin@seoweblogistics.com,invalid,duplicate,,,,,,,,,,,
admin@serpcontrol.me,invalid,"Response: 451 temporary problem verifying address.
",,,,,,,,,,,
admin@sharpedgestudios.ca,valid,valid,,,,,,,,,,,
admin@simplewebsitesolutions.com.au,invalid,,,,,,,,,,,,
admin@studio44.net.au,valid,catchall,,,,,,,,,,,
admin@sydneywebtechnologies.com.au,invalid,,,,,,,,,,,,
admin@t2creativestudios.co.uk,invalid,,,,,,,,,,,,
admin@tailored.com.au,valid,ok,,,,,,,,,,,
admin@taylorhowes.co.uk,valid,ok,,,,,,,,,,,
admin@technocrat.com.au,valid,catchall,,,,,,,,,,,
admin@thefactory.com.au,valid,ok,,,,,,,,,,,
admin@totalclicksolutions.com.au,valid,ok,,,,,,,,,,,
admin@umbrellait.com.au,valid,valid,,,,,,,,,,,
admin@viscositydesign.com,invalid,,,,,,,,,,,,
admin@vividgraphics.com.au,valid,ok,,,,,,,,,,,
admin@w3designs.co.uk,valid,valid,,,,,,,,,,,
admin@wami.net.au,valid,ok,,,,,,,,,,,
admin@web.rafe.com.au,invalid,,,,,,,,,,,,
admin@webca.com.au,invalid,,,,,,,,,,,,
admin@webmarkdesigns.com.au,valid,catchall,,,,,,,,,,,
admin@wireframesolutions.com.au,valid,valid,,,,,,,,,,,
admin@zefwebdesign.co.uk,valid,valid,,,,,,,,,,,
admin@zest-website-design.com,valid,ok,,,,,,,,,,,
admininfo@yazoogle.com.au,valid,ok,,,,,,,,,,,
adrian@blackbirdsolutions.com.au,valid,ok,,,,,,,,,,,
adrian@wwebdesign.co.uk,invalid,,,,,,,,,,,,
Advertising@HumanWebDesigners.com,valid,valid,,,,,,,,,,,
advice@ebsdigital.com,valid,catchall,,,,,,,,,,,
aidan@auswebdesign.com.au,valid,ok,,,,,,,,,,,
aiden.gerstmeier@wedesignsyd.com,invalid,,,,,,,,,,,,
aiden@amcd.com.au,valid,valid,,,,,,,,,,,
ail-sales@accentikainternet.co.uk,valid,ok,,,,,,,,,,,
aj@resultit.com.au,valid,valid,,,,,,,,,,,
aktualisierung@bitskin.de,valid,catchall,,,,,,,,,,,
alan.clements@clementsmarketing.com,valid,ok,,,,,,,,,,,
info@clementsmarketing.com,valid,ok,,,,,,,,,,,
alan@alancoleman.co.uk,valid,ok,,,,,,,,,,,
alan@pixelsurgery-webdesign.co.uk,valid,catchall,,,,,,,,,,,
alan@seriouswebdesign.co.uk,valid,ok,,,,,,,,,,,
alanb@derniercri.biz,valid,ok,,,,,,,,,,,
alantimms@ivolutionconsulting.com.au,valid,valid,,,,,,,,,,,
alastair@aglwebdesign.co.uk,invalid,,,,,,,,,,,,
alex@alferit.com,valid,catchall,,,,,,,,,,,
alex@isodongroup.com,valid,ok,,,,,,,,,,,
alison@initialdesign.co.uk,valid,valid,,,,,,,,,,,
all@punkpig.com,invalid,,,,,,,,,,,,
allan@itscreativeheaven.co.uk,invalid,"Response: 550 unknown user
",,,,,,,,,,,
info@amil.com.au,valid,catchall,,,,,,,,,,,
amy@amymarshman.com.au,valid,valid,,,,,,,,,,,
amy@impressivewebdesign.com.au,invalid,"Response: 554 5.7.1 <amy@impressivewebdesign.com.au>: Relay access denied
",,,,,,,,,,,
amy@peakwebmarketing.com,invalid,unknown,,,,,,,,,,,
anastasia@anastasiadesign.com,valid,ok,,,,,,,,,,,
andrea@digitalsoda.co.uk,valid,catchall,,,,,,,,,,,
andrea@duckfeet.co.uk,valid,ok,,,,,,,,,,,
andrew.mcintyre@bdigi.co.uk,valid,ok,,,,,,,,,,,
Andrew.pink@draftfcb.com,invalid,"Response: 550 #5.1.0 Address rejected.
",,,,,,,,,,,
andrew.staples@lifeappslab.co.uk,valid,ok,,,,,,,,,,,
andrew@a2a.co.uk,valid,ok,,,,,,,,,,,
andrew@altrincham.net,invalid,,,,,,,,,,,,
andrew@ascensor.co.uk,valid,ok,,,,,,,,,,,
andrew@borderwebworks.co.uk,valid,ok,,,,,,,,,,,
andrew@forthweb.co.uk,valid,ok,,,,,,,,,,,
andrew@jonwebdesign.com.au,valid,ok,,,,,,,,,,,
andrew@prometheusinternetmarketing.com,valid,ok,,,,,,,,,,,
Andrew@stonebreakersdesign.com,valid,ok,,,,,,,,,,,
andrew@thenewagegeek.com,valid,catchall,,,,,,,,,,,
andrew@tonicwebdesign.com,valid,ok,,,,,,,,,,,
andy.g@routetoweb.co.uk,valid,catchall,,,,,,,,,,,
andy@andy-morley.co.uk,invalid,"Response: 454 4.7.1 <andy@andy-morley.co.uk>: Relay access denied
",,,,,,,,,,,
andy@bhdinteractive.co.uk,valid,ok,,,,,,,,,,,
andy@chalfont-web-design.co.uk,valid,catchall,,,,,,,,,,,
Andy@derbyshirewebdesign.co.uk,invalid,"Response: 550 unknown user
",,,,,,,,,,,
andy@twostrong.com,valid,ok,,,,,,,,,,,
angela@whiteduckdesign.com.au,valid,catchall,,,,,,,,,,,
anita@cowbridgecreativecompany.co.uk,valid,ok,,,,,,,,,,,
anja@akwebdesign.com.au,invalid,,,,,,,,,,,,
annemarie@slickdesign.com.au,valid,ok,,,,,,,,,,,
annette@netsavvy.com.au,valid,ok,,,,,,,,,,,
anthony@door15studio.com,invalid,,,,,,,,,,,,
anthony@webbedfeat.com.au,valid,valid,,,,,,,,,,,
apps@createanet.co.uk,valid,catchall,,,,,,,,,,,
info@nodesagency.com,valid,ok,,,,,,,,,,,
art@digitalbloc.com,valid,ok,,,,,,,,,,,
artie@artiecrocker.com,invalid,,,,,,,,,,,,
arturo.ottengo@itseeze.co.uk,valid,ok,,,,,,,,,,,
artwork@burleighprint.com.au,invalid,"Response: 550 5.5.1 Protocol error
",,,,,,,,,,,
ash@infocomclick.com,valid,catchall,,,,,,,,,,,
info@ashfordweb.co.uk,valid,ok,,,,,,,,,,,
ashfordwebsitedesign@outlook.com,valid,ok,,,,,,,,,,,
ashleigh@websitesonthecoast.com,invalid,,,,,,,,,,,,
ashley@acknowledgedwebdesign.co.uk,invalid,invalid,,,,,,,,,,,
ask@bozboz.co.uk,valid,ok,,,,,,,,,,,
ask@polinet.website,valid,ok,,,,,,,,,,,
ask@smgcreative.co.uk,invalid,,,,,,,,,,,,
ausclickwebsites@gmail.com,valid,ok,,,,,,,,,,,
australia@islandmediamanagement.com,valid,ok,,,,,,,,,,,
bam@bam.com.au,valid,catchall,,,,,,,,,,,
bek@creativeonlinesolutions.com.au,valid,ok,,,,,,,,,,,
ben@benculley.com,invalid,,,,,,,,,,,,
bevin@bevin.com.au,valid,ok,,,,,,,,,,,
biz@astoundcreative.com,valid,ok,,,,,,,,,,,
biz@sdg.la,valid,ok,,,,,,,,,,,
biz@zatun.com,valid,valid,,,,,,,,,,,
brenden@thoughtballoon.com.au,valid,catchall,,,,,,,,,,,
brenden@thoughtballoon.com.au,invalid,duplicate,,,,,,,,,,,
crafig@grafixgarage.com,valid,catchall,,,,,,,,,,,
brent@grafixgarage.com,valid,catchall,,,,,,,,,,,
careers@jimmyweb.net,valid,catchall,,,,,,,,,,,
carrie@tpisolutionsink.com-vicepresident,invalid,,,,,,,,,,,,
cb@eyecue.com.au,valid,ok,,,,,,,,,,,
challenge@gridstone.com.au,valid,ok,,,,,,,,,,,
chrishughes@yourpage.com.au,valid,catchall,,,,,,,,,,,
claire@barefruit.com.au,valid,catchall,,,,,,,,,,,
cmbdesignstudio@gmail.com,valid,ok,,,,,,,,,,,
connect@arrowinternet.com.au,valid,catchall,,,,,,,,,,,
connect@evolution7.com.au,valid,ok,,,,,,,,,,,
connect@mintstone.com,valid,ok,,,,,,,,,,,
consult@digitalvision.co.ke,valid,catchall,,,,,,,,,,,
contact@baligatra.com,valid,ok,,,,,,,,,,,
contact@bmbwebdesign.com,invalid,"Response: 550 5.5.1 Protocol error
",,,,,,,,,,,
contact@caboodleweb.com,valid,valid,,,,,,,,,,,
contact@deanoakley.com,invalid,unknown,,,,,,,,,,,
contact@ennovative.com.au,valid,ok,,,,,,,,,,,
contact@goingit.com.au,valid,ok,,,,,,,,,,,
contact@humaan.com,valid,ok,,,,,,,,,,,
contact@humaan.com,invalid,duplicate,,,,,,,,,,,
contact@itster.com.au,valid,catchall,,,,,,,,,,,
contact@j6design.com.au,valid,ok,,,,,,,,,,,
contact@kushservices.com.au,invalid,"Response: ",,,,,,,,,,,
contact@laholmes.com,invalid,unknown,,,,,,,,,,,
contact@mywork.com.au,valid,ok,,,,,,,,,,,
contact@revolutionweb.com.au,invalid,,,,,,,,,,,,
contact@spartanwebdesign.com.au,invalid,,,,,,,,,,,,
contact@summerchill.com.au,valid,ok,,,,,,,,,,,
CONTACT@THEDEFECTORS.COM.A,invalid,,,,,,,,,,,,
contact@tnt.co.th,valid,ok,,,,,,,,,,,
contact@tnt.co.th,invalid,duplicate,,,,,,,,,,,
contact@totld.com.au,valid,ok,,,,,,,,,,,
contact@triplezero.com.au,valid,catchall,,,,,,,,,,,
contact@waggawaggaweb.com.au,valid,catchall,,,,,,,,,,,
contact@wavedigital.com.au,valid,ok,,,,,,,,,,,
contact@webleydesigns.com,valid,catchall,,,,,,,,,,,
contact@yougodesigns.com.au,valid,valid,,,,,,,,,,,
contact_us@digitalglare.com.au,valid,ok,,,,,,,,,,,
contacto@contacto.com.ec,valid,valid,,,,,,,,,,,
contactus@engadineweb.com.au,invalid,unknown,,,,,,,,,,,
contactus@resultdrivenseo.com.au,valid,valid,,,,,,,,,,,
craig@craiglongmuir.com,valid,valid,,,,,,,,,,,
create@gaal.com.au,valid,ok,,,,,,,,,,,
create@goldcoastgraphicdesign.com.au,valid,catchall,,,,,,,,,,,
create@reveler.com.au,valid,ok,,,,,,,,,,,
creative@shellgraphix.com.au,valid,valid,,,,,,,,,,,
CREATIVE@TBDSTUDIO.COM.AU,valid,valid,,,,,,,,,,,
jobs@yokedesign.com.au,valid,ok,,,,,,,,,,,
creative@yokedesign.com.au,valid,ok,,,,,,,,,,,
customersupport@openweb.com.au,valid,valid,,,,,,,,,,,
damien@123internet.com.au,valid,valid,,,,,,,,,,,
Daniel@daniels-portfolio.com,invalid,,,,,,,,,,,,
danielle@delaks.com.au,valid,ok,,,,,,,,,,,
dennis@zingstudio.com.au,valid,catchall,,,,,,,,,,,
design@astinproduction.com,valid,valid,,,,,,,,,,,
design@byronbayinteractive.com,valid,catchall,,,,,,,,,,,
design@complasweb.com.au,valid,catchall,,,,,,,,,,,
design@creativepod.com.au,valid,ok,,,,,,,,,,,
design@designinmind.com.au,invalid,,,,,,,,,,,,
design@glennharvey.com.au,valid,valid,,,,,,,,,,,
DESIGN@I4GRAPHICS.COM.AU,valid,ok,,,,,,,,,,,
design@iccd.com.au,invalid,unknown,,,,,,,,,,,
design@juicydigital.com.au,valid,ok,,,,,,,,,,,
design@platywebs.com.au,valid,valid,,,,,,,,,,,
design@sibagraphics.com,invalid,unknown,,,,,,,,,,,
design@stayingintouch.com.au,valid,valid,,,,,,,,,,,
design@workingplanet.com.au,valid,valid,,,,,,,,,,,
designs@clearlycreative.com.au,valid,ok,,,,,,,,,,,
designs@fmstudios.com.au,valid,ok,,,,,,,,,,,
divya@a1webdesigner.com,valid,catchall,,,,,,,,,,,
dominic@seeit.com.au,valid,valid,,,,,,,,,,,
ds@danielsim.com.au,valid,catchall,,,,,,,,,,,
Eckart@skynetindia.info,valid,ok,,,,,,,,,,,
emea-enquiry@workfront.com,valid,ok,,,,,,,,,,,
emilyk@featheredhatstudios.com,valid,valid,,,,,,,,,,,
emote@emote.com.au,valid,catchall,,,,,,,,,,,
engage@velocitydesign.co.uk,invalid,duplicate,,,,,,,,,,,
enquire@getonlineaustralia.net,valid,ok,,,,,,,,,,,
enquires@trinitydesign.co.uk,valid,catchall,,,,,,,,,,,
enquiries@albaseoservices.co.uk,valid,catchall,,,,,,,,,,,
enquiries@awi.net.au,invalid,"Response: 550 5.4.1 [enquiries@awi.net.au]: Recipient address rejected: Access denied [SY3AUS01FT014.eop-AUS01.prod.protection.outlook.com]
",,,,,,,,,,,
enquiries@blacklight.com.au,valid,catchall,,,,,,,,,,,
enquiries@blissmedia.com.au,valid,catchall,,,,,,,,,,,
enquiries@brayleino.co.uk,valid,ok,,,,,,,,,,,
enquiries@charleselena.com.au,valid,ok,,,,,,,,,,,
enquiries@chromatix.com.au,valid,catchall,,,,,,,,,,,
enquiries@connectedapps.com.au,invalid,unknown,,,,,,,,,,,
enquiries@designbylook.com.au,valid,ok,,,,,,,,,,,
enquiries@designerwebsites.co.nz,valid,ok,,,,,,,,,,,
enquiries@echimp.com.au,valid,ok,,,,,,,,,,,
enquiries@getsticky.com.au,invalid,unknown,,,,,,,,,,,
enquiries@itblackspot.com.au,valid,ok,,,,,,,,,,,
enquiries@kimberleywebdesign.com.au,valid,catchall,,,,,,,,,,,
enquiries@redfoxwebdesign.com.au,valid,ok,,,,,,,,,,,
enquiries@rimarketing.com.au,invalid,catchal,,,,,,,,,,,
enquiries@smallstudio.com.au,invalid,unknown,,,,,,,,,,,
enquiries@sublimewebdesign.com.au,valid,catchall,,,,,,,,,,,
enquiries@swishdesign.com.au,valid,ok,,,,,,,,,,,
enquiries@swishdesign.com.au,invalid,duplicate,,,,,,,,,,,
enquiries@vixeninternet.com.au,valid,catchall,,,,,,,,,,,
enquiries@weblite.com.au,valid,ok,,,,,,,,,,,
enquiry@flipmind.com,valid,ok,,,,,,,,,,,
enquiry@netwizarddesign.co.nz,valid,valid,,,,,,,,,,,
enquiry@netwizardseo.com.au,valid,catchall,,,,,,,,,,,
enquiry@oneit.com.au,invalid,"Response: 550 5.5.1 Protocol error
",,,,,,,,,,,
enquiry@webright.com.au,valid,ok,,,,,,,,,,,
george@slickdesign.com.au,valid,ok,,,,,,,,,,,
hello@berryweb.com.au,valid,catchall,,,,,,,,,,,
hello@brighterside.co.uk,valid,ok,,,,,,,,,,,
hello@codswallop.com.au,invalid,,,,,,,,,,,,
hello@design-fox.com.au,invalid,,,,,,,,,,,,
hello@fusion-design.me.uk,valid,ok,,,,,,,,,,,
hello@griflan.com,valid,ok,,,,,,,,,,,
hello@highlandcreative.com.au,valid,ok,,,,,,,,,,,
hello@id30.com,valid,ok,,,,,,,,,,,
hello@ph-creative.com,valid,ok,,,,,,,,,,,
hello@slickdesign.com.au,valid,ok,,,,,,,,,,,
hello@somarketing.com,valid,ok,,,,,,,,,,,
hello@thefuelagency.com.au,valid,ok,,,,,,,,,,,
hello@uxcreative.co,valid,ok,,,,,,,,,,,
help@austdomains.com.au,valid,catchall,,,,,,,,,,,
help@crazydomains.in,invalid,"Response: ",,,,,,,,,,,
hey@madebyfalcon.co.uk,valid,ok,,,,,,,,,,,
hq@concisecreative.com.au,valid,catchall,,,,,,,,,,,
info@3equals1design.co.uk,valid,ok,,,,,,,,,,,
info@7solutions.com.cy,invalid,,,,,,,,,,,,
charis@7solutions.com.cy,invalid,,,,,,,,,,,,
info@7solutions.com.cy,invalid,duplicate,,,,,,,,,,,
info@activewebdesign.ie,valid,valid,,,,,,,,,,,
info@acwebdesign.com.au,invalid,unknown,,,,,,,,,,,
info@adamgrannellwebdesign.co.uk,valid,ok,,,,,,,,,,,
info@ahbitsolutions.com.au,valid,ok,,,,,,,,,,,
info@belocal.today,valid,ok,,,,,,,,,,,
info@bongomedia.com.au,valid,catchall,,,,,,,,,,,
info@bpgmedia.co.uk,valid,ok,,,,,,,,,,,
info@conceptfactory.com.au,valid,valid,,,,,,,,,,,
info@csone.co.uk,valid,ok,,,,,,,,,,,
info@cybernetworks.com.au,valid,ok,,,,,,,,,,,
info@danicadesign.com.au,valid,ok,,,,,,,,,,,
info@domaincity.com.au,valid,ok,,,,,,,,,,,
info@energetica.com.au,invalid,,,,,,,,,,,,
info@fivecreative.com.au,valid,ok,,,,,,,,,,,
info@footprint.co.uk,valid,ok,,,,,,,,,,,
info@getyourmobi.co.uk,valid,ok,,,,,,,,,,,
info@gici.com.au,valid,ok,,,,,,,,,,,
info@globitweb.com,invalid,,,,,,,,,,,,
info@helixwebsolutions.com,invalid,unknown,,,,,,,,,,,
info@i4u.com.au,valid,ok,,,,,,,,,,,
info@internet.am,valid,catchall,,,,,,,,,,,
info@islandmediamanagement.com,valid,ok,,,,,,,,,,,
info@justtotaltech.co.uk,valid,ok,,,,,,,,,,,
info@justtotaltech.co.uk,invalid,duplicate,,,,,,,,,,,
info@lavaweb.com.au,invalid,invalid,,,,,,,,,,,
info@marketme.com.au,valid,ok,,,,,,,,,,,
info@mebsites.com.au,valid,ok,,,,,,,,,,,
info@mindwire.com.au,valid,valid,,,,,,,,,,,
info@nothingbutweb.com.au,valid,ok,,,,,,,,,,,
info@perthweb.com.au,valid,catchall,,,,,,,,,,,
info@primarysite.net,valid,ok,,,,,,,,,,,
info@reinteractive.net,invalid,unknown,,,,,,,,,,,
info@smallbusinesswebdesigns.net.au,valid,ok,,,,,,,,,,,
info@softsync.co.uk,invalid,unknown,,,,,,,,,,,
info@spinnmedia.com.au,valid,ok,,,,,,,,,,,
info@swim.com.au,valid,valid,,,,,,,,,,,
info@virtualcity.com.au,valid,ok,,,,,,,,,,,
info@VitesseWebDesign.com.au,valid,ok,,,,,,,,,,,
info@webalive.com.au,valid,ok,,,,,,,,,,,
info@webassets.com.au,valid,catchall,,,,,,,,,,,
info@webdesign7.com.au,valid,catchall,,,,,,,,,,,
sales@webpageme.com.au,valid,ok,,,,,,,,,,,
sales@webassets.com.au,valid,catchall,,,,,,,,,,,
info@websiteprojects.com.au,valid,ok,,,,,,,,,,,
info@websitesplus.com.au,valid,valid,,,,,,,,,,,
info@webtiger.com.au,valid,ok,,,,,,,,,,,
info@wildlime.com,invalid,unknown,,,,,,,,,,,
INFO@WISDOM.COM.AU,valid,ok,,,,,,,,,,,
info@yourwebsite.com,invalid,,,,,,,,,,,,
leroy@austinwebanddesign.com,valid,valid,,,,,,,,,,,
mary@austinwebanddesign.com,valid,valid,,,,,,,,,,,
bwashburn@austinwebanddesign.com,valid,valid,,,,,,,,,,,
shireen@austinwebanddesign.com,valid,valid,,,,,,,,,,,
andy@pqube.co.uk,valid,ok,,,,,,,,,,,
isaac@austinwebanddesign.com,valid,valid,,,,,,,,,,,
jon@jonwebdesign.com.au,valid,ok,,,,,,,,,,,
andy@pqube.co.uk,invalid,duplicate,,,,,,,,,,,
sadie@pqube.co.uk,valid,ok,,,,,,,,,,,
kevin@pqube.co.uk,valid,ok,,,,,,,,,,,
lisa@wisemonkeys.com.au,valid,catchall,,,,,,,,,,,
a.thomas@tes-uk.co.uk,valid,catchall,,,,,,,,,,,
louise.davies@tesradio.com,valid,ok,,,,,,,,,,,
info@tes-uk.co.uk,valid,catchall,,,,,,,,,,,
andrew@ewebcreations.co.uk,valid,catchall,,,,,,,,,,,
mail@ewebcreations.co.uk,valid,catchall,,,,,,,,,,,
mail@thinkingit.com.au,valid,valid,,,,,,,,,,,
me@leonfresh.com,valid,catchall,,,,,,,,,,,
me@newmediaservices.com.au,valid,ok,,,,,,,,,,,
melbourne@dreamconsultancy.com.au,invalid,"Response: 550 Rule imposed mailbox access for melbourne@dreamconsultancy.com.au refused
",,,,,,,,,,,
myreception@auwebgroup.com.au,valid,ok,,,,,,,,,,,
nigel@thinkingit.com.au,valid,valid,,,,,,,,,,,
office@embellishcreative.com.au,valid,ok,,,,,,,,,,,
office@go-gulf.com,valid,catchall,,,,,,,,,,,
sales@technicweb.com,valid,ok,,,,,,,,,,,
sales@1232web.com.au,invalid,unknown,,,,,,,,,,,
sales@ambrit.co.uk,valid,ok,,,,,,,,,,,
sales@bestwebdesigns.biz,invalid,,,,,,,,,,,,
sales@broadleysigns.com.au,valid,catchall,,,,,,,,,,,
sales@broadwayinfotech.com.au,valid,ok,,,,,,,,,,,
sales@broadwayinfotech.com.au,invalid,duplicate,,,,,,,,,,,
sales@denovodigital.com.au,invalid,,,,,,,,,,,,
sales@hostyetu.com,valid,valid,,,,,,,,,,,
sales@megatech.com.au,invalid,"Response: 550 ""Relay denied for sales@megatech.com.au""
",,,,,,,,,,,
sales@ntsols.com,valid,ok,,,,,,,,,,,
sales@oceanicseo.com.au,invalid,,,,,,,,,,,,
sales@one-click.com.au,valid,catchall,,,,,,,,,,,
sales@one-click.com.au,invalid,duplicate,,,,,,,,,,,
sales@outbox4.com,valid,valid,,,,,,,,,,,
sales@pickaweb.co.uk,valid,ok,,,,,,,,,,,
sales@vidhiwebsolutions.com,invalid,,,,,,,,,,,,
sales@webii.net,valid,catchall,,,,,,,,,,,
sales@webstop.com.au,valid,valid,,,,,,,,,,,
sales@webwhiz.com.au,valid,catchall,,,,,,,,,,,
sales@xpertdesign.com.au,valid,valid,,,,,,,,,,,
scott@sanzwebdevelopment.com.au,valid,ok,,,,,,,,,,,
sep2015@stuffandnonsense.co.uk,invalid,"Response: 550 5.1.1 <sep2015@stuffandnonsense.co.uk>: Recipient address rejected: User unknown in virtual mailbox table
",,,,,,,,,,,
stephen@flyersunlimited.com,invalid,,,,,,,,,,,,
studio@foundrydigital.co.uk,valid,ok,,,,,,,,,,,
studio@peptolab.com,valid,ok,,,,,,,,,,,
sales@netvirtue.com.au,valid,catchall,,,,,,,,,,,
support@abc-it.net.au,invalid,unknown,,,,,,,,,,,
support@coolwebing.com.au,valid,catchall,,,,,,,,,,,
support@gtp.com.au,valid,ok,,,,,,,,,,,
support@magwash.com.au,valid,ok,,,,,,,,,,,
support@woocom.com.au,valid,catchall,,,,,,,,,,,
team@iddigital.com.au,valid,ok,,,,,,,,,,,
troy@2020impact.com.au,invalid,unknown,,,,,,,,,,,
whumartin@hotmail.com,valid,ok,,,,,,,,,,,
careers@humaan.com,valid,ok,,,,,,,,,,,
chongyee@concisecreative.com.au,valid,catchall,,,,,,,,,,,
gareth@concisecreative.com.au,valid,catchall,,,,,,,,,,,
accounts@austdomains.com.au,invalid,duplicate,,,,,,,,,,,
merrian@concisecreative.com.au,valid,catchall,,,,,,,,,,,
accounts@crazydomains.in,invalid,"Response: ",,,,,,,,,,,
sales@crazydomains.in,invalid,"Response: ",,,,,,,,,,,
sales@austdomains.com.au,invalid,"Response: ",,,,,,,,,,,
support@somarketing.com,valid,ok,,,,,,,,,,,
accounts@fusion-design.me.uk,valid,ok,,,,,,,,,,,
deb@thenc.co.uk,valid,catchall,,,,,,,,,,,
brett@thenc.co.uk,valid,catchall,,,,,,,,,,,
projects@echimp.com.au,valid,ok,,,,,,,,,,,
info@echimp.com.au,valid,ok,,,,,,,,,,,
aberdeen@velocitydesign.co.uk,invalid,duplicate,,,,,,,,,,,
stephen@skynetindia.info,invalid,unknown,,,,,,,,,,,
bhimani@skynetindia.info,valid,ok,,,,,,,,,,,
skynetindia@icloud.com,valid,ok,,,,,,,,,,,
